"Reference","Qty","Value","DNP","Exclude from BOM","Exclude from Board","Footprint","Datasheet"
"C1,C39","2","47uF","","","","Capacitor_THT:CP_Radial_D5.0mm_P2.50mm",""
"C2,C5,C6,C7,C8,C9,C10,C11,C12,C22,C23,C24,C25,C29,C32,C37","16","100n","","","","Capacitor_THT:C_Disc_D3.0mm_W1.6mm_P2.50mm",""
"C3,C4,C21","3","10uF","","","","Capacitor_THT:CP_Radial_D5.0mm_P2.50mm",""
"C15","1","10nF","","","","Capacitor_THT:C_Disc_D3.0mm_W1.6mm_P2.50mm",""
"C16","1","3.3nF","","","","Capacitor_THT:C_Disc_D3.0mm_W1.6mm_P2.50mm",""
"C17,C18","2","100nF","","","","Capacitor_THT:C_Disc_D3.0mm_W1.6mm_P2.50mm",""
"C20","1","100pF","","","","Capacitor_THT:C_Disc_D3.0mm_W1.6mm_P2.50mm",""
"D1","1","Diode_Bridge","","","","Diode_THT:Diode_Bridge_Round_D8.9mm",""
"D2","1","12V","","","","Diode_THT:D_DO-35_SOD27_P7.62mm_Horizontal",""
"D3,D4,D5,D15","4","1N4148","","","","Diode_THT:D_DO-35_SOD27_P7.62mm_Horizontal",""
"D6","1","PWR LED","","","","LED_THT:LED_D3.0mm",""
"J1","1","Barrel_Jack_Switch","","","","Connector_BarrelJack:BarrelJack_Horizontal",""
"J2","1","JTAG","","","","Connector_PinHeader_2.54mm:PinHeader_2x05_P2.54mm_Vertical",""
"J3","1","9V","","","","Connector_PinHeader_2.54mm:PinHeader_1x02_P2.54mm_Vertical",""
"J4","1","AUDIO","","","","_MOD:SJ13525NGPI",""
"J5","1","ROM_SW","","","","Connector_PinHeader_2.54mm:PinHeader_1x02_P2.54mm_Vertical",""
"J6","1","M-DIN KMDGX-9S-BS-1","","","","_MOD:KMDGX9SBS1","http://service.powerdynamics.com/ec/Catalog17/Section%2011.pdf"
"J7","1","SPK_ON_OFF","","","","Connector_PinHeader_2.54mm:PinHeader_1x02_P2.54mm_Vertical",""
"J8","1","KB_CON_08","","","","_MOD:CONN_5-520315-8_TYC","5-520315-8"
"J9","1","UV/EEPROM","","","","Connector_PinHeader_2.54mm:PinHeader_2x02_P2.54mm_Vertical",""
"J11","1","EAR/MIC","","","","_MOD:SJ13525NGPI",""
"J12","1","KB_CONN_05","","","","_MOD:CONN_5-520315-5_TYC","https://www.te.com/commerce/DocumentDelivery/DDEController?Action=srchrtrv&DocNm=520315&DocType=Customer+Drawing&DocLang=English"
"J14","1","RESET","","","","Connector_PinHeader_2.54mm:PinHeader_1x02_P2.54mm_Vertical",""
"J15","1","ZX_48K_EDGE","","","","_MOD:ZX_BUS_A_TOP",""
"J16","1","DB9_Pins","","","","Connector_Dsub:DSUB-9_Pins_Horizontal_P2.77x2.84mm_EdgePinOffset9.90mm_Housed_MountingHolesOffset11.32mm",""
"J17","1","ON/OFF","","","","Connector_PinHeader_2.54mm:PinHeader_1x02_P2.54mm_Vertical",""
"J18","1","JS_ENABLE","","","","Connector_PinHeader_2.54mm:PinHeader_1x02_P2.54mm_Vertical",""
"J19","1","AY3_IOB","","","","Connector_PinHeader_2.54mm:PinHeader_1x08_P2.54mm_Vertical",""
"J20","1","AY3_IOA","","","","Connector_PinHeader_2.54mm:PinHeader_1x08_P2.54mm_Vertical",""
"LS1","1","Speaker","","","","_MOD:Speaker",""
"PS1","1","TBA_1-0522E","","","","_MOD:TBA10522E","https://tracopower.com/tba1e-datasheet/"
"Q1","1","BC517","","","","Package_TO_SOT_THT:TO-92","https://www.onsemi.com/pub/Collateral/BC517-D74Z-D.PDF"
"Q2","1","BC548","","","","Package_TO_SOT_THT:TO-92_Inline","https://www.onsemi.com/pub/Collateral/BC550-D.pdf"
"Q8,Q9,Q10,Q11,Q12,Q13,Q14,Q15","8","BC560","","","","Package_TO_SOT_THT:TO-92_Inline","https://www.onsemi.com/pub/Collateral/BC556BTA-D.pdf"
"R1,R2,R3,R19","4","68R","","","","Resistor_THT:R_Axial_DIN0204_L3.6mm_D1.6mm_P7.62mm_Horizontal",""
"R5,R22,R23,R24,R25,R26,R27,R28,R29,R30,R31,R32,R33,R34,R35,R41,R42,R43,R44,R45,R46,R47,R48,R50,R51,R54,R57,R58","28","470R","","","","Resistor_THT:R_Axial_DIN0204_L3.6mm_D1.6mm_P7.62mm_Horizontal",""
"R6,R7","2","2K2","","","","Resistor_THT:R_Axial_DIN0204_L3.6mm_D1.6mm_P7.62mm_Horizontal",""
"R8,R9,R10,R11","4","1K0","","","","Resistor_THT:R_Axial_DIN0204_L3.6mm_D1.6mm_P7.62mm_Horizontal",""
"R12","1","4K7","","","","Resistor_THT:R_Axial_DIN0204_L3.6mm_D1.6mm_P7.62mm_Horizontal",""
"R13,R14","2","150K","","","","Resistor_THT:R_Axial_DIN0204_L3.6mm_D1.6mm_P7.62mm_Horizontal",""
"R15,R16,R17,R36","4","150R","","","","Resistor_THT:R_Axial_DIN0204_L3.6mm_D1.6mm_P7.62mm_Horizontal",""
"R18,R38,R39,R40,R52,R55,R59,R60,R61,R62,R63,R67,R68,R69,R70,R71,R73,R74","18","10K","","","","Resistor_THT:R_Axial_DIN0204_L3.6mm_D1.6mm_P7.62mm_Horizontal",""
"R20","1","270R","","","","Resistor_THT:R_Axial_DIN0204_L3.6mm_D1.6mm_P7.62mm_Horizontal",""
"R21","1","150R","","","","Resistor_THT:R_Axial_DIN0207_L6.3mm_D2.5mm_P15.24mm_Horizontal",""
"R56","1","4.7K","","","","Resistor_THT:R_Axial_DIN0204_L3.6mm_D1.6mm_P7.62mm_Horizontal",""
"R64","1","0R","","","","Resistor_THT:R_Axial_DIN0204_L3.6mm_D1.6mm_P7.62mm_Horizontal",""
"R65,R66","2","33K","","","","Resistor_THT:R_Axial_DIN0204_L3.6mm_D1.6mm_P7.62mm_Horizontal",""
"R72","1","470K","","","","Resistor_THT:R_Axial_DIN0204_L3.6mm_D1.6mm_P7.62mm_Horizontal",""
"RN1,RN2,RN3","3","10K","","","","Resistor_THT:R_Array_SIP9","http://www.vishay.com/docs/31509/csc.pdf"
"U1","1","AY-3-8912","","","","Package_DIP:DIP-28_W15.24mm_Socket","http://datasheets.diptrace.com\st_micro\M27C256B.pdf"
"U2","1","EPM7128SLC84-10","","","","Package_LCC:PLCC-84_THT-Socket",""
"U3","1","LM7805_TO220","","","","Package_TO_SOT_THT:TO-220-3_Horizontal_TabDown","http://www.ti.com/lit/gpn/lm7800"
"U4","1","AY-3-8910","","","","Package_DIP:DIP-40_W15.24mm_Socket",""
"U5,U7","2","HM62256","","","","Package_DIP:DIP-28_W15.24mm_Socket",""
"U6","1","74HC04","","","","Package_DIP:DIP-14_W7.62mm_Socket","https://assets.nexperia.com/documents/data-sheet/74HC_HCT04.pdf"
"U8","1","Z80","","","","Package_DIP:DIP-40_W15.24mm_Socket",""
"U9","1","74LS32","","","","Package_DIP:DIP-14_W7.62mm_Socket","http://www.ti.com/lit/gpn/sn74LS32"
"U10","1","27/28C256","","","","Package_DIP:DIP-28_W15.24mm_Socket",""
"U11","1","74HCT240","","","","Package_DIP:DIP-20_W7.62mm_Socket","https://assets.nexperia.com/documents/data-sheet/74HC_HCT240.pdf"
"U16","1","74LS138","","","","Package_DIP:DIP-16_W7.62mm_Socket","http://www.ti.com/lit/gpn/sn74LS138"
"U18","1","74LS00","","","","Package_DIP:DIP-14_W7.62mm_Socket","http://www.ti.com/lit/gpn/sn74ls00"
"Y2","1","14.000 Mhz","","","","Crystal:Crystal_HC49-4H_Vertical",""
